{
   "sources-hallucinations": {
      "bleu": 0.0152162753884803,
      "meteor": 0.09635131863750286,
      "rougeL": 0.38628465327331457,
      "rouge1": 0.45305040064964847,
      "rouge2": 0.22501728638230695,
      "selfibleu": 0.7272900068261599,
      "parascore": 0.6689091837033629,
      "emb-manhattan": -17.892572820186615,
      "emb-cosine": 0.6524342559278011,
      "emb-dot": 0.6524342149496078,
      "emb-euclidean": -0.8234470374882221,
      "nli": 0.31402641384011076
   },
   "sources-paraphrases": {
      "bleu": 0.015254193816690772,
      "meteor": 0.11469666515347299,
      "rougeL": 0.4369334729548287,
      "rouge1": 0.5256150511416253,
      "rouge2": 0.29593130500494474,
      "selfibleu": 0.7855581886571747,
      "parascore": 0.7310873046517372,
      "emb-manhattan": -13.521109640598297,
      "emb-cosine": 0.7988132163882256,
      "emb-dot": 0.7988131754100323,
      "emb-euclidean": -0.619795510545373,
      "nli": 0.9920928962528706
   },
   "paraphrases-hallucinations": {
      "bleu": 0.015155373337982014,
      "meteor": 0.09635131863750286,
      "rougeL": 0.8266407808965561,
      "rouge1": 0.8266407808965561,
      "rouge2": 0.7332977143580865,
      "selfibleu": 0.9064076556003998,
      "parascore": 0.8847301192581654,
      "emb-manhattan": -12.673172652721405,
      "emb-cosine": 0.807457584887743,
      "emb-dot": 0.8074575308710337,
      "emb-euclidean": -0.5844345334917307,
      "nli": 0.25172948053943855
   },
   "sources-hallucinations_shuffled": {
      "bleu": 0.014998683450988965,
      "meteor": 0.09635131863750286,
      "rougeL": 0.09380179085885619,
      "rouge1": 0.10302445225543062,
      "rouge2": 0.019851402936147622,
      "selfibleu": 0.4943350706488859,
      "parascore": 0.42514702677726746,
      "emb-manhattan": -28.183411359786987,
      "emb-cosine": 0.1331664968165569,
      "emb-dot": 0.13316647958708927,
      "emb-euclidean": -1.307207327336073,
      "nli": 0.0037218923692989847
   }
}