{
   "sources-hallucinations": {
      "bleu": 0.010959093520448967,
      "meteor": 0.0647624640230331,
      "rougeL": 0.3679505623487291,
      "rouge1": 0.39193115539908957,
      "rouge2": 0.22707131530687188,
      "selfibleu": 0.8420533361890743,
      "parascore": 0.7996139019727707,
      "emb-manhattan": -13.675933027267456,
      "emb-cosine": 0.7833146929740906,
      "emb-dot": 0.783314636349678,
      "emb-euclidean": -0.6359460383653641,
      "nli": 0.48909667306870686
   },
   "sources-paraphrases": {
      "bleu": 0.0149209594486007,
      "meteor": 0.09435389179912876,
      "rougeL": 0.5227826568486018,
      "rouge1": 0.5697557393216842,
      "rouge2": 0.3729716939461524,
      "selfibleu": 0.9006019791860733,
      "parascore": 0.8688092648983001,
      "emb-manhattan": -10.522079706192017,
      "emb-cosine": 0.8727175205945968,
      "emb-dot": 0.8727174460887909,
      "emb-euclidean": -0.4893807336688042,
      "nli": 0.7287844942911761
   },
   "paraphrases-hallucinations": {
      "bleu": 0.010767806060330355,
      "meteor": 0.0647624640230331,
      "rougeL": 0.7098518778960226,
      "rouge1": 0.7208878730563371,
      "rouge2": 0.6173595588078585,
      "selfibleu": 0.9233100567458751,
      "parascore": 0.9011382192373276,
      "emb-manhattan": -8.400968253612518,
      "emb-cosine": 0.8847889751195908,
      "emb-dot": 0.8847889065742492,
      "emb-euclidean": -0.39144631549715997,
      "nli": 0.2571397681121198
   },
   "sources-hallucinations_shuffled": {
      "bleu": 0.010632354671543965,
      "meteor": 0.0647624640230331,
      "rougeL": 0.05748798729948154,
      "rouge1": 0.05748798729948154,
      "rouge2": 0.0022727270227273005,
      "selfibleu": 0.7005323368023677,
      "parascore": 0.6364594042301178,
      "emb-manhattan": -22.52936601638794,
      "emb-cosine": 0.44179023504257203,
      "emb-dot": 0.4417901962995529,
      "emb-euclidean": -1.047668570280075,
      "nli": 0.27487655192962845
   }
}